Plot ID,Generated URL
5693,https://cloud.treeo.one/forestry/plot/5693?tab=activities&page=1
5694,https://cloud.treeo.one/forestry/plot/5694?tab=activities&page=1
5695,https://cloud.treeo.one/forestry/plot/5695?tab=activities&page=1
5884,https://cloud.treeo.one/forestry/plot/5884?tab=activities&page=1
5885,https://cloud.treeo.one/forestry/plot/5885?tab=activities&page=1
5886,https://cloud.treeo.one/forestry/plot/5886?tab=activities&page=1
5887,https://cloud.treeo.one/forestry/plot/5887?tab=activities&page=1
5889,https://cloud.treeo.one/forestry/plot/5889?tab=activities&page=1
5890,https://cloud.treeo.one/forestry/plot/5890?tab=activities&page=1
5893,https://cloud.treeo.one/forestry/plot/5893?tab=activities&page=1
5894,https://cloud.treeo.one/forestry/plot/5894?tab=activities&page=1
